{
  "type": "gachamachine:capsule",
  "pools": [
    {
      "rolls": 1,
      "entries": [
        {
          "type": "minecraft:item",
          "name": "cobblemon:ability_capsule",
          "functions": [
            {
              "function": "set_count",
              "count": 15
            }
          ]
        },
        {
          "type": "minecraft:item",
          "name": "cobblemon:ability_patch",
          "functions": [
            {
              "function": "set_count",
              "count": 15
            }
          ]
        },
        {
          "type": "minecraft:item",
          "name": "cobblemon:ancient_origin_ball",
          "functions": [
            {
              "function": "set_count",
              "count": 3
            }
          ]
        },
        {
          "type": "minecraft:item",
          "name": "cobblemon:ancient_origin_rod",
          "functions": [
            {
              "function": "set_count",
              "count": 1
            }
          ]
        },
        {
          "type": "minecraft:item",
          "name": "cobblemon:beast_rod",
          "functions": [
            {
              "function": "set_count",
              "count": 1
            }
          ]
        },
        {
          "type": "minecraft:item",
          "name": "cobblemon:calcium",
          "functions": [
            {
              "function": "set_count",
              "count": 16
            }
          ]
        },
        {
          "type": "minecraft:item",
          "name": "cobblemon:carbos",
          "functions": [
            {
              "function": "set_count",
              "count": 16
            }
          ]
        },
        {
          "type": "minecraft:item",
          "name": "cobblemon:cherish_ball",
          "functions": [
            {
              "function": "set_count",
              "count": 3
            }
          ]
        },
        {
          "type": "minecraft:item",
          "name": "cobblemon:cherish_rod",
          "functions": [
            {
              "function": "set_count",
              "count": 1
            }
          ]
        },
        {
          "type": "minecraft:item",
          "name": "cobblemon:exp_candy_xl",
          "functions": [
            {
              "function": "set_count",
              "count": 30
            }
          ]
        },
        {
          "type": "minecraft:item",
          "name": "cobblemon:full_restore",
          "functions": [
            {
              "function": "set_count",
              "count": 15
            }
          ]
        },
        {
          "type": "minecraft:item",
          "name": "cobblemon:hp_up",
          "functions": [
            {
              "function": "set_count",
              "count": 16
            }
          ]
        },
        {
          "type": "minecraft:item",
          "name": "cobblemon:iron",
          "functions": [
            {
              "function": "set_count",
              "count": 16
            }
          ]
        },
        {
          "type": "minecraft:item",
          "name": "cobblemon:master_ball",
          "functions": [
            {
              "function": "set_count",
              "count": 3
            }
          ]
        },
        {
          "type": "minecraft:item",
          "name": "cobblemon:master_rod",
          "functions": [
            {
              "function": "set_count",
              "count": 1
            }
          ]
        },
        {
          "type": "minecraft:item",
          "name": "cobblemon:max_elixir",
          "functions": [
            {
              "function": "set_count",
              "count": 15
            }
          ]
        },
        {
          "type": "minecraft:item",
          "name": "cobblemon:max_ether",
          "functions": [
            {
              "function": "set_count",
              "count": 15
            }
          ]
        },
        {
          "type": "minecraft:item",
          "name": "cobblemon:max_revive",
          "functions": [
            {
              "function": "set_count",
              "count": 15
            }
          ]
        },
        {
          "type": "minecraft:item",
          "name": "cobblemon:pp_max",
          "functions": [
            {
              "function": "set_count",
              "count": 16
            }
          ]
        },
        {
          "type": "minecraft:item",
          "name": "cobblemon:pp_up",
          "functions": [
            {
              "function": "set_count",
              "count": 16
            }
          ]
        },
        {
          "type": "minecraft:item",
          "name": "cobblemon:protein",
          "functions": [
            {
              "function": "set_count",
              "count": 16
            }
          ]
        },
        {
          "type": "minecraft:item",
          "name": "cobblemon:rare_candy",
          "functions": [
            {
              "function": "set_count",
              "count": 20
            }
          ]
        },
        {
          "type": "minecraft:item",
          "name": "cobblemon:relic_coin",
          "functions": [
            {
              "function": "set_count",
              "count": 150
            }
          ]
        },
        {
          "type": "minecraft:item",
          "name": "cobblemon:zinc",
          "functions": [
            {
              "function": "set_count",
              "count": 16
            }
          ]
        }
      ]
    }
  ],
    "random_sequences": "gachamachine:gacha_capsules"
}
